{"cameraMode":{"drawMode":0,"name":"Shaded","section":"Shading Mode"},"sceneLighting":true,"audioPlay":false,"sceneViewState":{"m_AlwaysRefresh":false,"showFog":true,"showSkybox":true,"showFlares":true,"showImageEffects":true,"showParticleSystems":true,"showVisualEffectGraphs":true,"m_FxEnabled":true},"in2DMode":false,"pivot":{"x":780.4828491210938,"y":223.80702209472657,"z":730.6493530273438},"rotation":{"x":0.07822694629430771,"y":0.002981830621138215,"z":-0.00028006924549117684,"w":0.9968980550765991},"size":620.9561157226563,"orthographic":false}